ID;collection;kingdom;phylum;class;order;family;genus;host;compartment
LjNodule209;LjSPHERE;Bacteria;Proteobacteria;Alphaproteobacteria;Rhizobiales;Phyllobacteriaceae;Mesorhizobium;Lotus japonicus;Nodule
LjNodule210;LjSPHERE;Bacteria;Proteobacteria;Alphaproteobacteria;Rhizobiales;Phyllobacteriaceae;Mesorhizobium;Lotus japonicus;Nodule
LjNodule211;LjSPHERE;Bacteria;Proteobacteria;Alphaproteobacteria;Rhizobiales;Phyllobacteriaceae;Mesorhizobium;Lotus japonicus;Nodule
LjNodule212;LjSPHERE;Bacteria;Proteobacteria;Alphaproteobacteria;Rhizobiales;Phyllobacteriaceae;Mesorhizobium;Lotus japonicus;Nodule
LjNodule213;LjSPHERE;Bacteria;Proteobacteria;Alphaproteobacteria;Rhizobiales;Phyllobacteriaceae;Mesorhizobium;Lotus japonicus;Nodule
LjNodule214;LjSPHERE;Bacteria;Proteobacteria;Alphaproteobacteria;Rhizobiales;Phyllobacteriaceae;Mesorhizobium;Lotus japonicus;Nodule
LjNodule215;LjSPHERE;Bacteria;Proteobacteria;Alphaproteobacteria;Rhizobiales;Phyllobacteriaceae;Mesorhizobium;Lotus japonicus;Nodule
LjNodule217;LjSPHERE;Bacteria;Proteobacteria;Alphaproteobacteria;Rhizobiales;Phyllobacteriaceae;Mesorhizobium;Lotus japonicus;Nodule
LjNodule218;LjSPHERE;Bacteria;Proteobacteria;Alphaproteobacteria;Rhizobiales;Phyllobacteriaceae;Mesorhizobium;Lotus japonicus;Nodule
LjRoot1;LjSPHERE;Bacteria;Proteobacteria;Betaproteobacteria;Burkholderiales;Alcaligenaceae;Achromobacter;Lotus japonicus;Root
LjRoot10;LjSPHERE;Bacteria;Proteobacteria;Alphaproteobacteria;Rhizobiales;Rhizobiaceae;Ensifer;Lotus japonicus;Root
LjRoot100;LjSPHERE;Bacteria;Proteobacteria;Betaproteobacteria;Burkholderiales;Comamonadaceae;Acidovorax;Lotus japonicus;Root
LjRoot101;LjSPHERE;Bacteria;Proteobacteria;Alphaproteobacteria;Caulobacterales;Caulobacteraceae;Phenylobacterium;Lotus japonicus;Root
LjRoot102;LjSPHERE;Bacteria;Proteobacteria;Betaproteobacteria;Burkholderiales;Comamonadaceae;Acidovorax;Lotus japonicus;Root
LjRoot103;LjSPHERE;Bacteria;Proteobacteria;Betaproteobacteria;Burkholderiales;Comamonadaceae;Acidovorax;Lotus japonicus;Root
LjRoot104;LjSPHERE;Bacteria;Proteobacteria;Alphaproteobacteria;Rhizobiales;Rhizobiaceae;Neorhizobium;Lotus japonicus;Root
LjRoot105;LjSPHERE;Bacteria;Proteobacteria;Betaproteobacteria;Burkholderiales;Comamonadaceae;Acidovorax;Lotus japonicus;Root
LjRoot106;LjSPHERE;Bacteria;Proteobacteria;Betaproteobacteria;Burkholderiales;Comamonadaceae;Acidovorax;Lotus japonicus;Root
LjRoot107;LjSPHERE;Bacteria;Proteobacteria;Betaproteobacteria;Burkholderiales;Comamonadaceae;Acidovorax;Lotus japonicus;Root
LjRoot108;LjSPHERE;NA;NA;NA;NA;NA;NA;Lotus japonicus;Root
LjRoot109;LjSPHERE;Bacteria;Proteobacteria;Betaproteobacteria;Burkholderiales;Comamonadaceae;Acidovorax;Lotus japonicus;Root
LjRoot11;LjSPHERE;Bacteria;Proteobacteria;Alphaproteobacteria;Rhizobiales;Rhizobiaceae;Rhizobium;Lotus japonicus;Root
LjRoot110;LjSPHERE;Bacteria;Proteobacteria;Gammaproteobacteria;Pseudomonadales;Pseudomonadaceae;Pseudomonas;Lotus japonicus;Root
LjRoot111;LjSPHERE;Bacteria;Proteobacteria;Gammaproteobacteria;Pseudomonadales;Pseudomonadaceae;Pseudomonas;Lotus japonicus;Root
LjRoot112A;LjSPHERE;Bacteria;Proteobacteria;Alphaproteobacteria;Burkholderiales;Comamonadaceae;Acidovorax;Lotus japonicus;Root
LjRoot112B;LjSPHERE;Bacteria;Proteobacteria;Gammaproteobacteria;Pseudomonadales;Pseudomonadaceae;Pseudomonas;Lotus japonicus;Root
LjRoot113;LjSPHERE;Bacteria;Proteobacteria;Gammaproteobacteria;Pseudomonadales;Pseudomonadaceae;Pseudomonas;Lotus japonicus;Root
LjRoot114;LjSPHERE;Bacteria;Proteobacteria;Alphaproteobacteria;Burkholderiales;Comamonadaceae;Acidovorax;Lotus japonicus;Root
LjRoot115A;LjSPHERE;Bacteria;Proteobacteria;Alphaproteobacteria;Burkholderiales;Comamonadaceae;Acidovorax;Lotus japonicus;Root
LjRoot115B;LjSPHERE;Bacteria;Proteobacteria;Gammaproteobacteria;Pseudomonadales;Pseudomonadaceae;Pseudomonas;Lotus japonicus;Root
LjRoot116;LjSPHERE;Bacteria;Proteobacteria;Gammaproteobacteria;Pseudomonadales;Pseudomonadaceae;Pseudomonas;Lotus japonicus;Root
LjRoot117;LjSPHERE;Bacteria;Proteobacteria;Betaproteobacteria;Burkholderiales;Comamonadaceae;Acidovorax;Lotus japonicus;Root
LjRoot118;LjSPHERE;Bacteria;Proteobacteria;Betaproteobacteria;Burkholderiales;Comamonadaceae;Acidovorax;Lotus japonicus;Root
LjRoot119;LjSPHERE;Bacteria;Proteobacteria;Betaproteobacteria;Burkholderiales;Comamonadaceae;Acidovorax;Lotus japonicus;Root
LjRoot12;LjSPHERE;Bacteria;Actinobacteria;Actinobacteria;Actinomycetales;Microbacteriaceae;Microbacterium;Lotus japonicus;Root
LjRoot120;LjSPHERE;Bacteria;Proteobacteria;Betaproteobacteria;Burkholderiales;Comamonadaceae;Acidovorax;Lotus japonicus;Root
LjRoot121;LjSPHERE;Bacteria;Proteobacteria;Betaproteobacteria;Burkholderiales;Comamonadaceae;Acidovorax;Lotus japonicus;Root
LjRoot122;LjSPHERE;Bacteria;Proteobacteria;Betaproteobacteria;Burkholderiales;Oxalobacteraceae;Massilia;Lotus japonicus;Root
LjRoot123;LjSPHERE;Bacteria;Proteobacteria;Gammaproteobacteria;Pseudomonadales;Pseudomonadaceae;Pseudomonas;Lotus japonicus;Root
LjRoot124;LjSPHERE;Bacteria;Proteobacteria;Betaproteobacteria;Burkholderiales;Comamonadaceae;Acidovorax;Lotus japonicus;Root
LjRoot125;LjSPHERE;Bacteria;Proteobacteria;Gammaproteobacteria;Xanthomonadales;Xanthomonadaceae;Pseudoxanthomonas;Lotus japonicus;Root
LjRoot126;LjSPHERE;Bacteria;Proteobacteria;Betaproteobacteria;Burkholderiales;Comamonadaceae;Variovorax;Lotus japonicus;Root
LjRoot127;LjSPHERE;Bacteria;Proteobacteria;Betaproteobacteria;Burkholderiales;Comamonadaceae;Variovorax;Lotus japonicus;Root
LjRoot128;LjSPHERE;Bacteria;Proteobacteria;Betaproteobacteria;Burkholderiales;Comamonadaceae;Acidovorax;Lotus japonicus;Root
LjRoot129;LjSPHERE;Bacteria;Proteobacteria;Betaproteobacteria;Burkholderiales;Comamonadaceae;Acidovorax;Lotus japonicus;Root
LjRoot13;LjSPHERE;Bacteria;Actinobacteria;Actinobacteria;Actinomycetales;Micrococcaceae;Pseudarthrobacter;Lotus japonicus;Root
LjRoot130;LjSPHERE;Bacteria;Proteobacteria;Betaproteobacteria;Burkholderiales;Comamonadaceae;Variovorax;Lotus japonicus;Root
LjRoot131;LjSPHERE;Bacteria;Proteobacteria;Betaproteobacteria;Burkholderiales;Comamonadaceae;Polaromonas;Lotus japonicus;Root
LjRoot132;LjSPHERE;Bacteria;Proteobacteria;Betaproteobacteria;Burkholderiales;Comamonadaceae;Acidovorax;Lotus japonicus;Root
LjRoot133;LjSPHERE;Bacteria;Proteobacteria;Betaproteobacteria;Burkholderiales;Comamonadaceae;Acidovorax;Lotus japonicus;Root
LjRoot134;LjSPHERE;Bacteria;Proteobacteria;Betaproteobacteria;Burkholderiales;Comamonadaceae;Acidovorax;Lotus japonicus;Root
LjRoot135;LjSPHERE;Bacteria;Proteobacteria;Betaproteobacteria;Burkholderiales;Comamonadaceae;Acidovorax;Lotus japonicus;Root
LjRoot136;LjSPHERE;Bacteria;Proteobacteria;Gammaproteobacteria;Pseudomonadales;Pseudomonadaceae;Pseudomonas;Lotus japonicus;Root
LjRoot137;LjSPHERE;Bacteria;Proteobacteria;Gammaproteobacteria;Pseudomonadales;Pseudomonadaceae;Pseudomonas;Lotus japonicus;Root
LjRoot138;LjSPHERE;Bacteria;Proteobacteria;Betaproteobacteria;Burkholderiales;Comamonadaceae;Acidovorax;Lotus japonicus;Root
LjRoot139;LjSPHERE;Bacteria;Proteobacteria;Betaproteobacteria;Burkholderiales;Comamonadaceae;Variovorax;Lotus japonicus;Root
LjRoot14;LjSPHERE;Bacteria;Actinobacteria;Actinobacteria;Actinomycetales;Micrococcaceae;Arthrobacter;Lotus japonicus;Root
LjRoot140;LjSPHERE;Bacteria;Proteobacteria;Betaproteobacteria;Burkholderiales;Comamonadaceae;Acidovorax;Lotus japonicus;Root
LjRoot141;LjSPHERE;Bacteria;Proteobacteria;Betaproteobacteria;Burkholderiales;Comamonadaceae;Acidovorax;Lotus japonicus;Root
LjRoot142;LjSPHERE;Bacteria;Proteobacteria;Alphaproteobacteria;Rhizobiales;Bradyrhizobiaceae;Bosea;Lotus japonicus;Root
LjRoot143;LjSPHERE;Bacteria;Proteobacteria;Gammaproteobacteria;Xanthomonadales;Xanthomonadaceae;Pseudoxanthomonas;Lotus japonicus;Root
LjRoot144;LjSPHERE;Bacteria;Proteobacteria;Betaproteobacteria;Burkholderiales;Comamonadaceae;Acidovorax;Lotus japonicus;Root
LjRoot145;LjSPHERE;Bacteria;Proteobacteria;Alphaproteobacteria;Rhizobiales;Bradyrhizobiaceae;Bosea;Lotus japonicus;Root
LjRoot146;LjSPHERE;Bacteria;Proteobacteria;Gammaproteobacteria;Xanthomonadales;Xanthomonadaceae;Pseudoxanthomonas;Lotus japonicus;Root
LjRoot147;LjSPHERE;Bacteria;Proteobacteria;Gammaproteobacteria;Pseudomonadales;Pseudomonadaceae;Pseudomonas;Lotus japonicus;Root
LjRoot148;LjSPHERE;Bacteria;Proteobacteria;Betaproteobacteria;Burkholderiales;Comamonadaceae;Acidovorax;Lotus japonicus;Root
LjRoot149;LjSPHERE;Bacteria;Bacteroidetes;Flavobacteriia;Flavobacteriales;Flavobacteriaceae;Flavobacterium;Lotus japonicus;Root
LjRoot15;LjSPHERE;Bacteria;Firmicutes;Bacilli;Bacillales;Bacillaceae;Bacillus;Lotus japonicus;Root
LjRoot150;LjSPHERE;Bacteria;Proteobacteria;Betaproteobacteria;Burkholderiales;Comamonadaceae;Variovorax;Lotus japonicus;Root
LjRoot151;LjSPHERE;Bacteria;Proteobacteria;Gammaproteobacteria;Pseudomonadales;Pseudomonadaceae;Pseudomonas;Lotus japonicus;Root
LjRoot152;LjSPHERE;Bacteria;Proteobacteria;Gammaproteobacteria;Pseudomonadales;Pseudomonadaceae;Pseudomonas;Lotus japonicus;Root
LjRoot153;LjSPHERE;Bacteria;Firmicutes;Bacilli;Bacillales;Paenibacillaceae;Paenibacillus;Lotus japonicus;Root
LjRoot154;LjSPHERE;Bacteria;Proteobacteria;Gammaproteobacteria;Pseudomonadales;Pseudomonadaceae;Pseudomonas;Lotus japonicus;Root
LjRoot155;LjSPHERE;Bacteria;Proteobacteria;Gammaproteobacteria;Xanthomonadales;Xanthomonadaceae;Pseudoxanthomonas;Lotus japonicus;Root
LjRoot156;LjSPHERE;Bacteria;Proteobacteria;Gammaproteobacteria;Xanthomonadales;Xanthomonadaceae;Pseudoxanthomonas;Lotus japonicus;Root
LjRoot157;LjSPHERE;Bacteria;Proteobacteria;Gammaproteobacteria;Xanthomonadales;Xanthomonadaceae;Pseudoxanthomonas;Lotus japonicus;Root
LjRoot158;LjSPHERE;Bacteria;Proteobacteria;Betaproteobacteria;Burkholderiales;Comamonadaceae;Acidovorax;Lotus japonicus;Root
LjRoot159;LjSPHERE;Bacteria;Proteobacteria;Gammaproteobacteria;Pseudomonadales;Pseudomonadaceae;Pseudomonas;Lotus japonicus;Root
LjRoot16;LjSPHERE;Bacteria;Proteobacteria;Alphaproteobacteria;Rhizobiales;Hyphomicrobiaceae;Devosia;Lotus japonicus;Root
LjRoot160;LjSPHERE;Bacteria;Proteobacteria;Betaproteobacteria;Burkholderiales;Comamonadaceae;Variovorax;Lotus japonicus;Root
LjRoot161;LjSPHERE;Bacteria;Proteobacteria;Betaproteobacteria;Burkholderiales;Comamonadaceae;Variovorax;Lotus japonicus;Root
LjRoot162;LjSPHERE;Bacteria;Proteobacteria;Gammaproteobacteria;Pseudomonadales;Pseudomonadaceae;Pseudomonas;Lotus japonicus;Root
LjRoot163;LjSPHERE;Bacteria;Proteobacteria;Gammaproteobacteria;Pseudomonadales;Pseudomonadaceae;Pseudomonas;Lotus japonicus;Root
LjRoot164;LjSPHERE;Bacteria;Proteobacteria;Betaproteobacteria;Burkholderiales;Comamonadaceae;Acidovorax;Lotus japonicus;Root
LjRoot165;LjSPHERE;Bacteria;Proteobacteria;Gammaproteobacteria;Xanthomonadales;Xanthomonadaceae;Pseudoxanthomonas;Lotus japonicus;Root
LjRoot166;LjSPHERE;Bacteria;Proteobacteria;Betaproteobacteria;Burkholderiales;Comamonadaceae;Acidovorax;Lotus japonicus;Root
LjRoot167;LjSPHERE;Bacteria;Proteobacteria;Alphaproteobacteria;Caulobacterales;Caulobacteraceae;Phenylobacterium;Lotus japonicus;Root
LjRoot168;LjSPHERE;Bacteria;Proteobacteria;Gammaproteobacteria;Pseudomonadales;Pseudomonadaceae;Pseudomonas;Lotus japonicus;Root
LjRoot169;LjSPHERE;Bacteria;Proteobacteria;Betaproteobacteria;Burkholderiales;Comamonadaceae;Variovorax;Lotus japonicus;Root
LjRoot17;LjSPHERE;Bacteria;Proteobacteria;Alphaproteobacteria;Caulobacterales;Caulobacteraceae;Brevundimonas;Lotus japonicus;Root
LjRoot170;LjSPHERE;Bacteria;Proteobacteria;Betaproteobacteria;Burkholderiales;Comamonadaceae;Variovorax;Lotus japonicus;Root
LjRoot171;LjSPHERE;Bacteria;Proteobacteria;Betaproteobacteria;Burkholderiales;Comamonadaceae;Variovorax;Lotus japonicus;Root
LjRoot172;LjSPHERE;Bacteria;Proteobacteria;Betaproteobacteria;Burkholderiales;Comamonadaceae;Variovorax;Lotus japonicus;Root
LjRoot173;LjSPHERE;Bacteria;Proteobacteria;Gammaproteobacteria;Xanthomonadales;Xanthomonadaceae;Pseudoxanthomonas;Lotus japonicus;Root
LjRoot174A;LjSPHERE;Bacteria;Proteobacteria;Gammaproteobacteria;Xanthomonadales;Xanthomonadaceae;Pseudoxanthomonas;Lotus japonicus;Root
LjRoot174B;LjSPHERE;Bacteria;Proteobacteria;Betaproteobacteria;Burkholderiales;Comamonadaceae;Variovorax;Lotus japonicus;Root
LjRoot175;LjSPHERE;Bacteria;Proteobacteria;Betaproteobacteria;Burkholderiales;Comamonadaceae;Variovorax;Lotus japonicus;Root
LjRoot176;LjSPHERE;Bacteria;Proteobacteria;Betaproteobacteria;Burkholderiales;Comamonadaceae;Acidovorax;Lotus japonicus;Root
LjRoot177;LjSPHERE;Bacteria;Proteobacteria;Alphaproteobacteria;Rhizobiales;Hyphomicrobiaceae;Devosia;Lotus japonicus;Root
LjRoot178;LjSPHERE;Bacteria;Proteobacteria;Betaproteobacteria;Burkholderiales;Comamonadaceae;Variovorax;Lotus japonicus;Root
LjRoot179;LjSPHERE;Bacteria;Proteobacteria;Betaproteobacteria;Burkholderiales;Comamonadaceae;Variovorax;Lotus japonicus;Root
LjRoot18;LjSPHERE;Bacteria;Proteobacteria;Gammaproteobacteria;Xanthomonadales;Xanthomonadaceae;Dyella;Lotus japonicus;Root
LjRoot180;LjSPHERE;Bacteria;Proteobacteria;Betaproteobacteria;Burkholderiales;Comamonadaceae;Acidovorax;Lotus japonicus;Root
LjRoot181;LjSPHERE;Bacteria;Proteobacteria;Betaproteobacteria;Burkholderiales;Comamonadaceae;Acidovorax;Lotus japonicus;Root
LjRoot182;LjSPHERE;Bacteria;Proteobacteria;Gammaproteobacteria;Pseudomonadales;Pseudomonadaceae;Pseudomonas;Lotus japonicus;Root
LjRoot183;LjSPHERE;Bacteria;Proteobacteria;Betaproteobacteria;Burkholderiales;Oxalobacteraceae;Duganella;Lotus japonicus;Root
LjRoot184;LjSPHERE;Bacteria;Proteobacteria;Alphaproteobacteria;Rhizobiales;Hyphomicrobiaceae;Devosia;Lotus japonicus;Root
LjRoot185A;LjSPHERE;Bacteria;Proteobacteria;Betaproteobacteria;Burkholderiales;Comamonadaceae;Acidovorax;Lotus japonicus;Root
LjRoot185B;LjSPHERE;Bacteria;Actinobacteria;Actinobacteria;Actinomycetales;Microbacteriaceae;Microbacterium;Lotus japonicus;Root
LjRoot186;LjSPHERE;Bacteria;Actinobacteria;Actinobacteria;Actinomycetales;Microbacteriaceae;Microbacterium;Lotus japonicus;Root
LjRoot187;LjSPHERE;Bacteria;Proteobacteria;Betaproteobacteria;Burkholderiales;Comamonadaceae;Acidovorax;Lotus japonicus;Root
LjRoot188;LjSPHERE;Bacteria;Proteobacteria;Betaproteobacteria;Burkholderiales;Comamonadaceae;Acidovorax;Lotus japonicus;Root
LjRoot189;LjSPHERE;Bacteria;Proteobacteria;Betaproteobacteria;Burkholderiales;Comamonadaceae;Acidovorax;Lotus japonicus;Root
LjRoot19;LjSPHERE;Bacteria;Actinobacteria;Actinobacteria;Actinomycetales;Microbacteriaceae;Microbacterium;Lotus japonicus;Root
LjRoot190;LjSPHERE;Bacteria;Proteobacteria;Betaproteobacteria;Burkholderiales;Comamonadaceae;Acidovorax;Lotus japonicus;Root
LjRoot191;LjSPHERE;Bacteria;Proteobacteria;Betaproteobacteria;Burkholderiales;Comamonadaceae;Acidovorax;Lotus japonicus;Root
LjRoot192;LjSPHERE;Bacteria;Proteobacteria;Betaproteobacteria;Burkholderiales;Comamonadaceae;Acidovorax;Lotus japonicus;Root
LjRoot193;LjSPHERE;Bacteria;Proteobacteria;Gammaproteobacteria;Xanthomonadales;Xanthomonadaceae;Pseudoxanthomonas;Lotus japonicus;Root
LjRoot194;LjSPHERE;Bacteria;Proteobacteria;Betaproteobacteria;Burkholderiales;Comamonadaceae;Acidovorax;Lotus japonicus;Root
LjRoot195;LjSPHERE;Bacteria;Proteobacteria;Gammaproteobacteria;Pseudomonadales;Pseudomonadaceae;Pseudomonas;Lotus japonicus;Root
LjRoot196;LjSPHERE;Bacteria;Proteobacteria;Betaproteobacteria;Burkholderiales;Oxalobacteraceae;Pseudoduganella;Lotus japonicus;Root
LjRoot197;LjSPHERE;Bacteria;Proteobacteria;Gammaproteobacteria;Xanthomonadales;Xanthomonadaceae;Pseudoxanthomonas;Lotus japonicus;Root
LjRoot198;LjSPHERE;Bacteria;Proteobacteria;Betaproteobacteria;Burkholderiales;Comamonadaceae;Acidovorax;Lotus japonicus;Root
LjRoot199;LjSPHERE;Bacteria;Proteobacteria;Betaproteobacteria;Burkholderiales;Comamonadaceae;Acidovorax;Lotus japonicus;Root
LjRoot2;LjSPHERE;Bacteria;Proteobacteria;Alphaproteobacteria;Rhizobiales;Rhizobiaceae;Shinella;Lotus japonicus;Root
LjRoot20;LjSPHERE;Bacteria;Proteobacteria;Betaproteobacteria;Burkholderiales;Comamonadaceae;Acidovorax;Lotus japonicus;Root
LjRoot200;LjSPHERE;Bacteria;Proteobacteria;Betaproteobacteria;Burkholderiales;Comamonadaceae;Acidovorax;Lotus japonicus;Root
LjRoot201;LjSPHERE;Bacteria;Proteobacteria;Betaproteobacteria;Burkholderiales;Comamonadaceae;Acidovorax;Lotus japonicus;Root
LjRoot202;LjSPHERE;Bacteria;Proteobacteria;Alphaproteobacteria;Caulobacterales;Caulobacteraceae;Brevundimonas;Lotus japonicus;Root
LjRoot203;LjSPHERE;Bacteria;Proteobacteria;Betaproteobacteria;Burkholderiales;Comamonadaceae;Variovorax;Lotus japonicus;Root
LjRoot204;LjSPHERE;NA;NA;NA;NA;NA;NA;Lotus japonicus;Root
LjRoot205;LjSPHERE;NA;NA;NA;NA;NA;NA;Lotus japonicus;Root
LjRoot206;LjSPHERE;NA;NA;NA;NA;NA;NA;Lotus japonicus;Root
LjRoot207;LjSPHERE;NA;NA;NA;NA;NA;NA;Lotus japonicus;Root
LjRoot208;LjSPHERE;NA;NA;NA;NA;NA;NA;Lotus japonicus;Root
LjRoot21;LjSPHERE;Bacteria;Proteobacteria;Gammaproteobacteria;Xanthomonadales;Xanthomonadaceae;Pseudoxanthomonas;Lotus japonicus;Root
LjRoot219;LjSPHERE;Bacteria;Proteobacteria;Alphaproteobacteria;Caulobacterales;Caulobacteraceae;Phenylobacterium;Lotus japonicus;Root
LjRoot22;LjSPHERE;Bacteria;Proteobacteria;Betaproteobacteria;Burkholderiales;Burkholderiaceae;Burkholderia;Lotus japonicus;Root
LjRoot220;LjSPHERE;Bacteria;Proteobacteria;Alphaproteobacteria;Rhizobiales;Bradyrhizobiaceae;Bradyrhizobium;Lotus japonicus;Root
LjRoot221;LjSPHERE;Bacteria;Proteobacteria;Alphaproteobacteria;Rhizobiales;Rhizobiaceae;Rhizobium;Lotus japonicus;Root
LjRoot222;LjSPHERE;Bacteria;Proteobacteria;Alphaproteobacteria;Rhizobiales;Hyphomicrobiaceae;Devosia;Lotus japonicus;Root
LjRoot223;LjSPHERE;Bacteria;Proteobacteria;Betaproteobacteria;Burkholderiales;Burkholderiaceae;Burkholderia;Lotus japonicus;Root
LjRoot224;LjSPHERE;Bacteria;Proteobacteria;Alphaproteobacteria;Rhizobiales;Rhizobiaceae;Rhizobium;Lotus japonicus;Root
LjRoot225;LjSPHERE;Bacteria;Proteobacteria;Alphaproteobacteria;Caulobacterales;Caulobacteraceae;Phenylobacterium;Lotus japonicus;Root
LjRoot226;LjSPHERE;Bacteria;Proteobacteria;Alphaproteobacteria;Sphingomonadales;Sphingomonadaceae;Sphingomonas;Lotus japonicus;Root
LjRoot227;LjSPHERE;Bacteria;Proteobacteria;Alphaproteobacteria;Sphingomonadales;Sphingomonadaceae;Sphingomonas;Lotus japonicus;Root
LjRoot228;LjSPHERE;Bacteria;Proteobacteria;Alphaproteobacteria;Rhizobiales;Phyllobacteriaceae;Mesorhizobium;Lotus japonicus;Root
LjRoot229;LjSPHERE;Bacteria;Proteobacteria;Alphaproteobacteria;Rhizobiales;Bradyrhizobiaceae;Bradyrhizobium;Lotus japonicus;Root
LjRoot23;LjSPHERE;Bacteria;Proteobacteria;Alphaproteobacteria;Rhizobiales;Bradyrhizobiaceae;Bosea;Lotus japonicus;Root
LjRoot230;LjSPHERE;Bacteria;Proteobacteria;Betaproteobacteria;Burkholderiales;Burkholderiaceae;Burkholderia;Lotus japonicus;Root
LjRoot231;LjSPHERE;Bacteria;Proteobacteria;Alphaproteobacteria;Rhizobiales;Phyllobacteriaceae;Phyllobacterium;Lotus japonicus;Root
LjRoot232;LjSPHERE;Bacteria;Proteobacteria;Gammaproteobacteria;Pseudomonadales;Pseudomonadaceae;Pseudomonas;Lotus japonicus;Root
LjRoot233;LjSPHERE;Bacteria;Proteobacteria;Alphaproteobacteria;Rhizobiales;Bradyrhizobiaceae;Bosea;Lotus japonicus;Root
LjRoot234;LjSPHERE;Bacteria;Proteobacteria;Alphaproteobacteria;Rhizobiales;Phyllobacteriaceae;Mesorhizobium;Lotus japonicus;Root
LjRoot235;LjSPHERE;Bacteria;Proteobacteria;Alphaproteobacteria;Rhizobiales;Rhizobiaceae;Rhizobium;Lotus japonicus;Root
LjRoot236;LjSPHERE;Bacteria;Proteobacteria;Betaproteobacteria;Burkholderiales;Comamonadaceae;Variovorax;Lotus japonicus;Root
LjRoot237;LjSPHERE;Bacteria;Proteobacteria;Alphaproteobacteria;Rhizobiales;Bradyrhizobiaceae;Bosea;Lotus japonicus;Root
LjRoot238;LjSPHERE;Bacteria;Proteobacteria;Alphaproteobacteria;Rhizobiales;Rhizobiaceae;Rhizobium;Lotus japonicus;Root
LjRoot239;LjSPHERE;Bacteria;Proteobacteria;Alphaproteobacteria;Rhizobiales;Rhizobiaceae;Neorhizobium;Lotus japonicus;Root
LjRoot24;LjSPHERE;Bacteria;Actinobacteria;Actinobacteria;Actinomycetales;Intrasporangiaceae;;Lotus japonicus;Root
LjRoot240;LjSPHERE;Bacteria;Proteobacteria;Alphaproteobacteria;Rhizobiales;Rhizobiaceae;Neorhizobium;Lotus japonicus;Root
LjRoot241;LjSPHERE;Bacteria;Proteobacteria;Betaproteobacteria;Burkholderiales;Burkholderiaceae;Burkholderia;Lotus japonicus;Root
LjRoot242;LjSPHERE;Bacteria;Actinobacteria;Actinobacteria;Actinomycetales;Streptomycetaceae;Streptomyces;Lotus japonicus;Root
LjRoot243;LjSPHERE;Bacteria;Proteobacteria;Alphaproteobacteria;Rhizobiales;Bradyrhizobiaceae;Bradyrhizobium;Lotus japonicus;Root
LjRoot244;LjSPHERE;Bacteria;Proteobacteria;Alphaproteobacteria;Rhizobiales;Phyllobacteriaceae;Phyllobacterium;Lotus japonicus;Root
LjRoot245;LjSPHERE;Bacteria;Proteobacteria;Alphaproteobacteria;Rhizobiales;Rhizobiaceae;Rhizobium;Lotus japonicus;Root
LjRoot246;LjSPHERE;Bacteria;Proteobacteria;Alphaproteobacteria;Rhizobiales;Phyllobacteriaceae;Mesorhizobium;Lotus japonicus;Root
LjRoot247;LjSPHERE;Bacteria;Proteobacteria;Gammaproteobacteria;Xanthomonadales;Xanthomonadaceae;Pseudoxanthomonas;Lotus japonicus;Root
LjRoot248;LjSPHERE;Bacteria;Proteobacteria;Alphaproteobacteria;Rhizobiales;Rhizobiaceae;Rhizobium;Lotus japonicus;Root
LjRoot249;LjSPHERE;Bacteria;Actinobacteria;Actinobacteria;Actinomycetales;Microbacteriaceae;Microbacterium;Lotus japonicus;Root
LjRoot25;LjSPHERE;Bacteria;Proteobacteria;Betaproteobacteria;Burkholderiales;Oxalobacteraceae;Herbaspirillum;Lotus japonicus;Root
LjRoot250;LjSPHERE;Bacteria;Proteobacteria;Gammaproteobacteria;Pseudomonadales;Pseudomonadaceae;Pseudomonas;Lotus japonicus;Root
LjRoot251;LjSPHERE;Bacteria;Proteobacteria;Alphaproteobacteria;Rhizobiales;Rhizobiaceae;Rhizobium;Lotus japonicus;Root
LjRoot252;LjSPHERE;Bacteria;Proteobacteria;Gammaproteobacteria;Pseudomonadales;Pseudomonadaceae;Pseudomonas;Lotus japonicus;Root
LjRoot253;LjSPHERE;Bacteria;Proteobacteria;Alphaproteobacteria;Rhizobiales;Bradyrhizobiaceae;Bosea;Lotus japonicus;Root
LjRoot254;LjSPHERE;Bacteria;Proteobacteria;Alphaproteobacteria;Rhizobiales;Rhizobiaceae;Rhizobium;Lotus japonicus;Root
LjRoot255;LjSPHERE;Bacteria;Proteobacteria;Alphaproteobacteria;Rhizobiales;Rhizobiaceae;Rhizobium;Lotus japonicus;Root
LjRoot256;LjSPHERE;Bacteria;Proteobacteria;Alphaproteobacteria;Caulobacterales;Caulobacteraceae;Brevundimonas;Lotus japonicus;Root
LjRoot257;LjSPHERE;Bacteria;Proteobacteria;Alphaproteobacteria;Rhizobiales;Rhizobiaceae;Ensifer;Lotus japonicus;Root
LjRoot258;LjSPHERE;Bacteria;Proteobacteria;Alphaproteobacteria;Rhizobiales;Rhizobiaceae;Rhizobium;Lotus japonicus;Root
LjRoot259;LjSPHERE;Bacteria;Proteobacteria;Alphaproteobacteria;Caulobacterales;Caulobacteraceae;Asticcacaulis;Lotus japonicus;Root
LjRoot26;LjSPHERE;Bacteria;Proteobacteria;Betaproteobacteria;Burkholderiales;Comamonadaceae;Pseudorhodoferax;Lotus japonicus;Root
LjRoot260;LjSPHERE;Bacteria;Proteobacteria;Betaproteobacteria;Burkholderiales;Comamonadaceae;Variovorax;Lotus japonicus;Root
LjRoot261;LjSPHERE;Bacteria;Proteobacteria;Alphaproteobacteria;Rhizobiales;Bradyrhizobiaceae;Bosea;Lotus japonicus;Root
LjRoot262;LjSPHERE;Bacteria;Proteobacteria;Alphaproteobacteria;Sphingomonadales;Sphingomonadaceae;Sphingomonas;Lotus japonicus;Root
LjRoot263;LjSPHERE;Bacteria;Proteobacteria;Gammaproteobacteria;Pseudomonadales;Pseudomonadaceae;Pseudomonas;Lotus japonicus;Root
LjRoot264;LjSPHERE;Bacteria;Proteobacteria;Gammaproteobacteria;Pseudomonadales;Pseudomonadaceae;Pseudomonas;Lotus japonicus;Root
LjRoot265;LjSPHERE;Bacteria;Proteobacteria;Alphaproteobacteria;Rhizobiales;Rhizobiaceae;Rhizobium;Lotus japonicus;Root
LjRoot266;LjSPHERE;Bacteria;Proteobacteria;Alphaproteobacteria;Caulobacterales;Caulobacteraceae;Caulobacter;Lotus japonicus;Root
LjRoot267;LjSPHERE;Bacteria;Proteobacteria;Betaproteobacteria;Burkholderiales;Burkholderiaceae;Burkholderia;Lotus japonicus;Root
LjRoot268;LjSPHERE;Bacteria;Proteobacteria;Gammaproteobacteria;Pseudomonadales;Pseudomonadaceae;Pseudomonas;Lotus japonicus;Root
LjRoot269;LjSPHERE;Bacteria;Proteobacteria;Betaproteobacteria;Burkholderiales;Oxalobacteraceae;Duganella;Lotus japonicus;Root
LjRoot27;LjSPHERE;Bacteria;Actinobacteria;Actinobacteria;Actinomycetales;Intrasporangiaceae;;Lotus japonicus;Root
LjRoot270;LjSPHERE;Bacteria;Proteobacteria;Betaproteobacteria;Burkholderiales;Oxalobacteraceae;Duganella;Lotus japonicus;Root
LjRoot271;LjSPHERE;Bacteria;Proteobacteria;Betaproteobacteria;Burkholderiales;Oxalobacteraceae;Duganella;Lotus japonicus;Root
LjRoot272;LjSPHERE;Bacteria;Proteobacteria;Betaproteobacteria;Burkholderiales;Oxalobacteraceae;Duganella;Lotus japonicus;Root
LjRoot273;LjSPHERE;Bacteria;Proteobacteria;Alphaproteobacteria;Rhizobiales;Rhizobiaceae;Rhizobium;Lotus japonicus;Root
LjRoot274;LjSPHERE;Bacteria;Proteobacteria;Alphaproteobacteria;Rhizobiales;Rhizobiaceae;Rhizobium;Lotus japonicus;Root
LjRoot275;LjSPHERE;Bacteria;Proteobacteria;Betaproteobacteria;Burkholderiales;Oxalobacteraceae;Duganella;Lotus japonicus;Root
LjRoot276;LjSPHERE;Bacteria;Proteobacteria;Betaproteobacteria;Burkholderiales;Oxalobacteraceae;Duganella;Lotus japonicus;Root
LjRoot277;LjSPHERE;Bacteria;Proteobacteria;Gammaproteobacteria;Pseudomonadales;Pseudomonadaceae;Pseudomonas;Lotus japonicus;Root
LjRoot278;LjSPHERE;Bacteria;Proteobacteria;Gammaproteobacteria;Pseudomonadales;Pseudomonadaceae;Pseudomonas;Lotus japonicus;Root
LjRoot279;LjSPHERE;Bacteria;Proteobacteria;Gammaproteobacteria;Pseudomonadales;Pseudomonadaceae;Pseudomonas;Lotus japonicus;Root
LjRoot28;LjSPHERE;Bacteria;Proteobacteria;Betaproteobacteria;Burkholderiales;Burkholderiaceae;Rhizobacter;Lotus japonicus;Root
LjRoot280;LjSPHERE;Bacteria;Proteobacteria;Betaproteobacteria;Burkholderiales;Oxalobacteraceae;Duganella;Lotus japonicus;Root
LjRoot281;LjSPHERE;Bacteria;Proteobacteria;Gammaproteobacteria;Pseudomonadales;Pseudomonadaceae;Pseudomonas;Lotus japonicus;Root
LjRoot282;LjSPHERE;Bacteria;Proteobacteria;Betaproteobacteria;Burkholderiales;Oxalobacteraceae;Massilia;Lotus japonicus;Root
LjRoot283;LjSPHERE;Bacteria;Actinobacteria;Actinobacteria;Actinomycetales;Micrococcaceae;Arthrobacter;Lotus japonicus;Root
LjRoot284;LjSPHERE;Bacteria;Proteobacteria;Alphaproteobacteria;Caulobacterales;Caulobacteraceae;Brevundimonas;Lotus japonicus;Root
LjRoot285;LjSPHERE;Bacteria;Proteobacteria;Alphaproteobacteria;Caulobacterales;Caulobacteraceae;Caulobacter;Lotus japonicus;Root
LjRoot286;LjSPHERE;Bacteria;Proteobacteria;Gammaproteobacteria;Pseudomonadales;Pseudomonadaceae;Pseudomonas;Lotus japonicus;Root
LjRoot287;LjSPHERE;Bacteria;Proteobacteria;Betaproteobacteria;Burkholderiales;Oxalobacteraceae;Pseudoduganella;Lotus japonicus;Root
LjRoot288;LjSPHERE;Bacteria;Proteobacteria;Betaproteobacteria;Burkholderiales;Comamonadaceae;Variovorax;Lotus japonicus;Root
LjRoot289;LjSPHERE;Bacteria;Proteobacteria;Betaproteobacteria;Burkholderiales;Oxalobacteraceae;Massilia;Lotus japonicus;Root
LjRoot29;LjSPHERE;Bacteria;Proteobacteria;Betaproteobacteria;Burkholderiales;Burkholderiaceae;Burkholderia;Lotus japonicus;Root
LjRoot290;LjSPHERE;Bacteria;Proteobacteria;Betaproteobacteria;Burkholderiales;Comamonadaceae;Variovorax;Lotus japonicus;Root
LjRoot291;LjSPHERE;Bacteria;Proteobacteria;Alphaproteobacteria;Caulobacterales;Caulobacteraceae;Caulobacter;Lotus japonicus;Root
LjRoot293;LjSPHERE;Bacteria;Proteobacteria;Alphaproteobacteria;Rhizobiales;Bradyrhizobiaceae;Nitrobacter;Lotus japonicus;Root
LjRoot294;LjSPHERE;Bacteria;Proteobacteria;Betaproteobacteria;Burkholderiales;Comamonadaceae;Variovorax;Lotus japonicus;Root
LjRoot295;LjSPHERE;Bacteria;Proteobacteria;Betaproteobacteria;Burkholderiales;Oxalobacteraceae;Noviherbaspirillum;Lotus japonicus;Root
LjRoot296;LjSPHERE;Bacteria;Proteobacteria;Betaproteobacteria;Burkholderiales;Burkholderiaceae;Cupriavidus;Lotus japonicus;Root
LjRoot297;LjSPHERE;Bacteria;Proteobacteria;Alphaproteobacteria;Rhizobiales;Bradyrhizobiaceae;Bradyrhizobium;Lotus japonicus;Root
LjRoot298;LjSPHERE;Bacteria;Proteobacteria;Gammaproteobacteria;Xanthomonadales;Xanthomonadaceae;Lysobacter;Lotus japonicus;Root
LjRoot299;LjSPHERE;Bacteria;Proteobacteria;Alphaproteobacteria;Caulobacterales;Caulobacteraceae;Caulobacter;Lotus japonicus;Root
LjRoot3;LjSPHERE;Bacteria;Proteobacteria;Alphaproteobacteria;Rhizobiales;Hyphomicrobiaceae;Devosia;Lotus japonicus;Root
LjRoot30;LjSPHERE;Bacteria;Proteobacteria;Alphaproteobacteria;Rhizobiales;Rhizobiaceae;Rhizobium;Lotus japonicus;Root
LjRoot300;LjSPHERE;Bacteria;Proteobacteria;Alphaproteobacteria;Caulobacterales;Caulobacteraceae;Caulobacter;Lotus japonicus;Root
LjRoot301;LjSPHERE;Bacteria;Proteobacteria;Alphaproteobacteria;Caulobacterales;Caulobacteraceae;Phenylobacterium;Lotus japonicus;Root
LjRoot302;LjSPHERE;Bacteria;Proteobacteria;Betaproteobacteria;Burkholderiales;Comamonadaceae;Variovorax;Lotus japonicus;Root
LjRoot303;LjSPHERE;Bacteria;Actinobacteria;Actinobacteria;Actinomycetales;Streptomycetaceae;Streptomyces;Lotus japonicus;Root
LjRoot304;LjSPHERE;Bacteria;Actinobacteria;Actinobacteria;Actinomycetales;Streptomycetaceae;Streptomyces;Lotus japonicus;Root
LjRoot305;LjSPHERE;Bacteria;Proteobacteria;Betaproteobacteria;Burkholderiales;Comamonadaceae;Variovorax;Lotus japonicus;Root
LjRoot306;LjSPHERE;Bacteria;Proteobacteria;Betaproteobacteria;Burkholderiales;Comamonadaceae;Polaromonas;Lotus japonicus;Root
LjRoot307;LjSPHERE;Bacteria;Actinobacteria;Actinobacteria;Actinomycetales;Streptomycetaceae;Streptomyces;Lotus japonicus;Root
LjRoot31;LjSPHERE;Bacteria;Proteobacteria;Betaproteobacteria;Burkholderiales;Burkholderiaceae;Burkholderia;Lotus japonicus;Root
LjRoot32;LjSPHERE;Bacteria;Proteobacteria;Betaproteobacteria;Burkholderiales;Oxalobacteraceae;Herbaspirillum;Lotus japonicus;Root
LjRoot33;LjSPHERE;Bacteria;Proteobacteria;Betaproteobacteria;Burkholderiales;Oxalobacteraceae;Herbaspirillum;Lotus japonicus;Root
LjRoot34;LjSPHERE;Bacteria;Proteobacteria;Betaproteobacteria;Burkholderiales;Burkholderiaceae;Burkholderia;Lotus japonicus;Root
LjRoot35;LjSPHERE;Bacteria;Proteobacteria;Betaproteobacteria;Burkholderiales;Oxalobacteraceae;Herbaspirillum;Lotus japonicus;Root
LjRoot36;LjSPHERE;Bacteria;Proteobacteria;Betaproteobacteria;Burkholderiales;Oxalobacteraceae;Herbaspirillum;Lotus japonicus;Root
LjRoot37;LjSPHERE;Bacteria;Proteobacteria;Betaproteobacteria;Burkholderiales;Comamonadaceae;Acidovorax;Lotus japonicus;Root
LjRoot38;LjSPHERE;Bacteria;Proteobacteria;Betaproteobacteria;Burkholderiales;Comamonadaceae;Acidovorax;Lotus japonicus;Root
LjRoot39;LjSPHERE;Bacteria;Proteobacteria;Betaproteobacteria;Burkholderiales;Comamonadaceae;Pseudorhodoferax;Lotus japonicus;Root
LjRoot4;LjSPHERE;Bacteria;Proteobacteria;Alphaproteobacteria;Rhizobiales;Bradyrhizobiaceae;Bosea;Lotus japonicus;Root
LjRoot40;LjSPHERE;Bacteria;Proteobacteria;Betaproteobacteria;Burkholderiales;Comamonadaceae;Pseudorhodoferax;Lotus japonicus;Root
LjRoot41;LjSPHERE;Bacteria;Proteobacteria;Betaproteobacteria;Burkholderiales;Comamonadaceae;Pseudorhodoferax;Lotus japonicus;Root
LjRoot42;LjSPHERE;Bacteria;Actinobacteria;Actinobacteria;Actinomycetales;Microbacteriaceae;Microbacterium;Lotus japonicus;Root
LjRoot43;LjSPHERE;Bacteria;Proteobacteria;Gammaproteobacteria;Pseudomonadales;Pseudomonadaceae;Pseudomonas;Lotus japonicus;Root
LjRoot44;LjSPHERE;Bacteria;Actinobacteria;Actinobacteria;Actinomycetales;Microbacteriaceae;Microbacterium;Lotus japonicus;Root
LjRoot45;LjSPHERE;Bacteria;Actinobacteria;Actinobacteria;Actinomycetales;Microbacteriaceae;Microbacterium;Lotus japonicus;Root
LjRoot46;LjSPHERE;Bacteria;Proteobacteria;Alphaproteobacteria;Rhizobiales;Rhizobiaceae;Shinella;Lotus japonicus;Root
LjRoot47;LjSPHERE;Bacteria;Actinobacteria;Actinobacteria;Actinomycetales;Intrasporangiaceae;;Lotus japonicus;Root
LjRoot48;LjSPHERE;Bacteria;Actinobacteria;Actinobacteria;Actinomycetales;Intrasporangiaceae;;Lotus japonicus;Root
LjRoot49;LjSPHERE;Bacteria;Actinobacteria;Actinobacteria;Actinomycetales;Intrasporangiaceae;;Lotus japonicus;Root
LjRoot5;LjSPHERE;Bacteria;Firmicutes;Bacilli;Bacillales;Bacillaceae;Bacillus;Lotus japonicus;Root
LjRoot50;LjSPHERE;Bacteria;Proteobacteria;Alphaproteobacteria;Rhizobiales;Rhizobiaceae;Shinella;Lotus japonicus;Root
LjRoot51;LjSPHERE;Bacteria;Proteobacteria;Alphaproteobacteria;Rhizobiales;Rhizobiaceae;Shinella;Lotus japonicus;Root
LjRoot52;LjSPHERE;Bacteria;Proteobacteria;Alphaproteobacteria;Rhizobiales;Bradyrhizobiaceae;Bosea;Lotus japonicus;Root
LjRoot53;LjSPHERE;Bacteria;Firmicutes;Bacilli;Bacillales;Bacillaceae;Bacillus;Lotus japonicus;Root
LjRoot54;LjSPHERE;Bacteria;Proteobacteria;Gammaproteobacteria;Pseudomonadales;Pseudomonadaceae;Pseudomonas;Lotus japonicus;Root
LjRoot55;LjSPHERE;Bacteria;Firmicutes;Bacilli;Bacillales;Paenibacillaceae;Paenibacillus;Lotus japonicus;Root
LjRoot56;LjSPHERE;Bacteria;Firmicutes;Bacilli;Bacillales;Paenibacillaceae;Paenibacillus;Lotus japonicus;Root
LjRoot57;LjSPHERE;Bacteria;Actinobacteria;Actinobacteria;Actinomycetales;Micrococcaceae;Arthrobacter;Lotus japonicus;Root
LjRoot58;LjSPHERE;Bacteria;Proteobacteria;Betaproteobacteria;Burkholderiales;Burkholderiaceae;Rhizobacter;Lotus japonicus;Root
LjRoot59;LjSPHERE;Bacteria;Proteobacteria;Gammaproteobacteria;Pseudomonadales;Pseudomonadaceae;Pseudomonas;Lotus japonicus;Root
LjRoot6;LjSPHERE;Bacteria;Proteobacteria;Gammaproteobacteria;Pseudomonadales;Pseudomonadaceae;Pseudomonas;Lotus japonicus;Root
LjRoot60;LjSPHERE;Bacteria;Proteobacteria;Gammaproteobacteria;Xanthomonadales;Xanthomonadaceae;Pseudoxanthomonas;Lotus japonicus;Root
LjRoot61;LjSPHERE;Bacteria;Proteobacteria;Betaproteobacteria;Burkholderiales;Comamonadaceae;Variovorax;Lotus japonicus;Root
LjRoot62;LjSPHERE;Bacteria;Proteobacteria;Betaproteobacteria;Burkholderiales;Comamonadaceae;Variovorax;Lotus japonicus;Root
LjRoot63;LjSPHERE;Bacteria;Proteobacteria;Gammaproteobacteria;Xanthomonadales;Xanthomonadaceae;Pseudoxanthomonas;Lotus japonicus;Root
LjRoot64;LjSPHERE;Bacteria;Proteobacteria;Gammaproteobacteria;Xanthomonadales;Xanthomonadaceae;Pseudoxanthomonas;Lotus japonicus;Root
LjRoot65;LjSPHERE;Bacteria;Proteobacteria;Betaproteobacteria;Burkholderiales;Comamonadaceae;Acidovorax;Lotus japonicus;Root
LjRoot66;LjSPHERE;Bacteria;Proteobacteria;Betaproteobacteria;Burkholderiales;Comamonadaceae;Acidovorax;Lotus japonicus;Root
LjRoot67;LjSPHERE;Bacteria;Proteobacteria;Betaproteobacteria;Burkholderiales;Comamonadaceae;Acidovorax;Lotus japonicus;Root
LjRoot68;LjSPHERE;Bacteria;Proteobacteria;Gammaproteobacteria;Xanthomonadales;Xanthomonadaceae;Pseudoxanthomonas;Lotus japonicus;Root
LjRoot69;LjSPHERE;Bacteria;Proteobacteria;Betaproteobacteria;Burkholderiales;Comamonadaceae;Variovorax;Lotus japonicus;Root
LjRoot7;LjSPHERE;Bacteria;Proteobacteria;Alphaproteobacteria;Rhizobiales;Phyllobacteriaceae;Aminobacter;Lotus japonicus;Root
LjRoot70;LjSPHERE;Bacteria;Proteobacteria;Betaproteobacteria;Burkholderiales;Oxalobacteraceae;Pseudoduganella;Lotus japonicus;Root
LjRoot71;LjSPHERE;Bacteria;Proteobacteria;Gammaproteobacteria;Pseudomonadales;Pseudomonadaceae;Pseudomonas;Lotus japonicus;Root
LjRoot72;LjSPHERE;Bacteria;Proteobacteria;Betaproteobacteria;Burkholderiales;Comamonadaceae;Acidovorax;Lotus japonicus;Root
LjRoot73;LjSPHERE;Bacteria;Proteobacteria;Gammaproteobacteria;Xanthomonadales;Xanthomonadaceae;Pseudoxanthomonas;Lotus japonicus;Root
LjRoot74;LjSPHERE;Bacteria;Proteobacteria;Betaproteobacteria;Burkholderiales;Comamonadaceae;Acidovorax;Lotus japonicus;Root
LjRoot75;LjSPHERE;Bacteria;Proteobacteria;Betaproteobacteria;Burkholderiales;Comamonadaceae;Acidovorax;Lotus japonicus;Root
LjRoot76;LjSPHERE;Bacteria;Proteobacteria;Betaproteobacteria;Burkholderiales;Comamonadaceae;Acidovorax;Lotus japonicus;Root
LjRoot77;LjSPHERE;Bacteria;Proteobacteria;Gammaproteobacteria;Xanthomonadales;Xanthomonadaceae;Pseudoxanthomonas;Lotus japonicus;Root
LjRoot78;LjSPHERE;Bacteria;Actinobacteria;Actinobacteria;Actinomycetales;Micrococcaceae;Arthrobacter;Lotus japonicus;Root
LjRoot79;LjSPHERE;Bacteria;Proteobacteria;Betaproteobacteria;Burkholderiales;Comamonadaceae;Acidovorax;Lotus japonicus;Root
LjRoot8;LjSPHERE;Bacteria;Actinobacteria;Actinobacteria;Actinomycetales;Microbacteriaceae;Agromyces;Lotus japonicus;Root
LjRoot80;LjSPHERE;Bacteria;Actinobacteria;Actinobacteria;Actinomycetales;Mycobacteriaceae;Mycobacterium;Lotus japonicus;Root
LjRoot81;LjSPHERE;Bacteria;Proteobacteria;Gammaproteobacteria;Pseudomonadales;Pseudomonadaceae;Pseudomonas;Lotus japonicus;Root
LjRoot82;LjSPHERE;Bacteria;Bacteroidetes;Flavobacteriia;Flavobacteriales;Flavobacteriaceae;Flavobacterium;Lotus japonicus;Root
LjRoot83;LjSPHERE;Bacteria;Proteobacteria;Betaproteobacteria;Burkholderiales;Comamonadaceae;Variovorax;Lotus japonicus;Root
LjRoot84;LjSPHERE;Bacteria;Proteobacteria;Betaproteobacteria;Burkholderiales;Comamonadaceae;Variovorax;Lotus japonicus;Root
LjRoot85;LjSPHERE;Bacteria;Proteobacteria;Betaproteobacteria;Burkholderiales;Comamonadaceae;Variovorax;Lotus japonicus;Root
LjRoot86;LjSPHERE;Bacteria;Proteobacteria;Betaproteobacteria;Burkholderiales;Comamonadaceae;Acidovorax;Lotus japonicus;Root
LjRoot87;LjSPHERE;Bacteria;Proteobacteria;Betaproteobacteria;Burkholderiales;Comamonadaceae;Acidovorax;Lotus japonicus;Root
LjRoot88;LjSPHERE;Bacteria;Proteobacteria;Betaproteobacteria;Burkholderiales;Comamonadaceae;Acidovorax;Lotus japonicus;Root
LjRoot89;LjSPHERE;Bacteria;Proteobacteria;Alphaproteobacteria;Sphingomonadales;Sphingomonadaceae;Sphingopyxis;Lotus japonicus;Root
LjRoot9;LjSPHERE;Bacteria;Proteobacteria;Alphaproteobacteria;Rhizobiales;Bradyrhizobiaceae;Bosea;Lotus japonicus;Root
LjRoot90;LjSPHERE;Bacteria;Proteobacteria;Alphaproteobacteria;Rhizobiales;Bradyrhizobiaceae;Bosea;Lotus japonicus;Root
LjRoot91;LjSPHERE;Bacteria;Proteobacteria;Betaproteobacteria;Burkholderiales;Oxalobacteraceae;Pseudoduganella;Lotus japonicus;Root
LjRoot92;LjSPHERE;Bacteria;Proteobacteria;Gammaproteobacteria;Pseudomonadales;Pseudomonadaceae;Pseudomonas;Lotus japonicus;Root
LjRoot93;LjSPHERE;Bacteria;Proteobacteria;Betaproteobacteria;Burkholderiales;Comamonadaceae;Acidovorax;Lotus japonicus;Root
LjRoot94;LjSPHERE;Bacteria;Proteobacteria;Betaproteobacteria;Burkholderiales;Comamonadaceae;Acidovorax;Lotus japonicus;Root
LjRoot95;LjSPHERE;Bacteria;Proteobacteria;Betaproteobacteria;Burkholderiales;Comamonadaceae;Acidovorax;Lotus japonicus;Root
LjRoot96;LjSPHERE;Bacteria;Proteobacteria;Betaproteobacteria;Burkholderiales;Comamonadaceae;Acidovorax;Lotus japonicus;Root
LjRoot97;LjSPHERE;Bacteria;Proteobacteria;Alphaproteobacteria;Caulobacterales;Caulobacteraceae;Phenylobacterium;Lotus japonicus;Root
LjRoot98;LjSPHERE;Bacteria;Proteobacteria;Alphaproteobacteria;Rhizobiales;Rhizobiaceae;Rhizobium;Lotus japonicus;Root
LjRoot99;LjSPHERE;Bacteria;Proteobacteria;Betaproteobacteria;Burkholderiales;Comamonadaceae;Variovorax;Lotus japonicus;Root